"iso_ref","gene_ref","isoform_id","gene_id","condition_1","condition_2","gene_name","gene_biotype","iso_biotype","gene_overall_mean","gene_value_1","gene_value_2","gene_stderr_1","gene_stderr_2","gene_log2_fold_change","gene_q_value","iso_overall_mean","iso_value_1","iso_value_2","iso_stderr_1","iso_stderr_2","iso_log2_fold_change","iso_q_value","IF_overall","IF1","IF2","dIF","isoform_switch_q_value","gene_switch_q_value"
"isoComp_00012944","geneComp_00002624","ENSMUST00000021297.6","ENSMUSG00000020922.12","other","striatum","Lsm12","protein-coding",NA,50.7910400799269,26.2681520124664,124.359704282309,1.23222842431101,14.3109456300653,2.24269936826145,NA,42.8807189381402,15.7210655071738,124.35967923104,0.764757216326295,14.3109455617644,2.98294650899482,NA,0.70812,0.610826666666667,1,0.389173333333333,0.0245636352091785,0.0245636352091785
"isoComp_00012945","geneComp_00002624","ENSMUST00000107156.9","ENSMUSG00000020922.12","other","striatum","Lsm12","protein-coding",NA,50.7910400799269,26.2681520124664,124.359704282309,1.23222842431101,14.3109456300653,2.24269936826145,NA,7.59939037124246,10.1325204949899,0,1.17388971431719,0,-9.98620050246291,NA,0.280715,0.374286666666667,0,-0.374286666666667,0.0407810803924349,0.0245636352091785
"isoComp_00069347","geneComp_00014669","ENSMUST00000159616.2","ENSMUSG00000060780.3","other","striatum","Lrrtm1","protein-coding",NA,36.4134410983096,19.6468371899328,86.71325282344,1.17948074625004,5.64582687422991,2.14138766155251,NA,30.2259239965293,11.39681453258,86.7132523883773,0.741712753314411,5.64582685775694,2.926522902398,NA,0.690575,0.587433333333333,1,0.412566666666667,0.0407810803924349,0.0407810803924349
