,query,significant,p_value,term_size,query_size,intersection_size,precision,recall,term_id,source,term_name,effective_domain_size,source_order,parents
1,query_1,TRUE,0.00517807569689076,1568,181,47,0.259668508287293,0.0299744897959184,GO:0030054,GO:CC,cell junction,13288,871,GO:0110165
2,query_1,TRUE,0.000942091374318488,56,181,7,0.0386740331491713,0.125,KEGG:04260,KEGG,Cardiac muscle contraction,13288,290,KEGG:00000
3,query_1,TRUE,0.00027212957807358,5005,181,100,0.552486187845304,0.01998001998002,MIRNA:000000,MIRNA,MIRNA root,13288,1,character(0)
4,query_1,TRUE,0.000476580967868529,320,181,17,0.0939226519337017,0.053125,MIRNA:mmu-miR-124-3p,MIRNA,mmu-miR-124-3p,13288,1117,MIRNA:000000
5,query_1,TRUE,0.00415776531553583,106,181,9,0.0497237569060773,0.0849056603773585,REAC:R-MMU-397014,REAC,Muscle contraction,13288,869,REAC:0000000
6,query_1,TRUE,0.00862959087569377,209,181,12,0.0662983425414365,0.0574162679425837,REAC:R-MMU-112316,REAC,Neuronal System,13288,924,REAC:0000000
7,query_1,TRUE,0.0197901097784353,6982,181,128,0.707182320441989,0.0183328559152105,TF:M07289_1,TF,Factor: GKLF; motif: NNNRGGNGNGGSN; match class: 1,13288,1351,TF:M07289
8,query_1,TRUE,0.000431981634354593,101,181,9,0.0497237569060773,0.0891089108910891,WP:WP385,WP,Myometrial relaxation and contraction pathways,13288,177,WP:000000
9,query_1,TRUE,0.0143212847083307,95,181,7,0.0386740331491713,0.0736842105263158,WP:WP553,WP,Calcium regulation in cardiac cells,13288,48,WP:000000
