"iso_ref","gene_ref","isoform_id","gene_id","condition_1","condition_2","gene_name","gene_biotype","iso_biotype","gene_overall_mean","gene_value_1","gene_value_2","gene_stderr_1","gene_stderr_2","gene_log2_fold_change","gene_q_value","iso_overall_mean","iso_value_1","iso_value_2","iso_stderr_1","iso_stderr_2","iso_log2_fold_change","iso_q_value","IF_overall","IF1","IF2","dIF","isoform_switch_q_value","gene_switch_q_value"
"isoComp_00003475","geneComp_00000669","ENSMUST00000038701.8","ENSMUSG00000004500.10","F","M",NA,NA,NA,1.99901566378453,2.27895517688271,1.71907615068635,0.498734510214924,0.383662333025728,-0.404687803331761,NA,0.983448460824416,0.859149741339417,1.10774718030942,0.239436150340489,0.321389504285352,0.362917248387657,NA,0.4334675,0.297305,0.56963,0.272325,0.0375635601725451,0.0375635601725451
"isoComp_00024051","geneComp_00004728","ENSMUST00000112059.10","ENSMUSG00000025647.17","F","M",NA,NA,NA,25.8900916670711,33.8719713124345,17.9082120217078,3.14584082790974,1.96087631235169,-0.919091131148779,NA,14.6559458533653,24.2634343874788,5.04845731925181,3.21872207268497,0.876496197093865,-2.26260886870015,NA,0.49133,0.67869,0.30397,-0.37472,0.0324085300830432,0.0324085300830432
"isoComp_00085159","geneComp_00021339","ENSMUST00000243843.1","ENSMUSG00000097974.3","F","M",NA,NA,NA,1.55295479623484,1.97872719229482,1.12718240017486,0.427701732969728,0.300768946134594,-0.806381708962521,NA,1.04546177375164,1.59464165648831,0.496281891014967,0.350579965242109,0.13510104936611,-1.66423836808344,NA,0.735185,0.830795,0.639575,-0.19122,0.0312548307464774,0.0312548307464774
"isoComp_00088267","geneComp_00023662","ENSMUST00000203848.3","ENSMUSG00000107476.5","F","M",NA,NA,NA,5184.90696737673,1909.49057716504,8460.32335758841,303.007006872314,5876.54240077777,2.14751915410869,NA,5029.62438471887,1602.80137207482,8456.44739736291,314.758328237495,5876.53536697192,2.39944876113297,NA,0.943155,0.888165,0.998145,0.10998,0.000977499439386191,0.000741724612298559
"isoComp_00088270","geneComp_00023662","ENSMUST00000241645.1","ENSMUSG00000107476.5","F","M",NA,NA,NA,5184.90696737673,1909.49057716504,8460.32335758841,303.007006872314,5876.54240077777,2.14751915410869,NA,152.653152694914,304.617383671097,0.688921718731408,209.475240847848,0.175544891837598,-8.76769904096108,NA,0.0510825,0.101655,0.00051,-0.101145,0.000741724612298559,0.000741724612298559
